<?xml version="1.0" encoding="utf-8"?>
<SimscapeMultibodyImportXML xmlns="urn:mathworks:SimscapeMultibody:import"
                            xmlns:xsi="http://www.w3.org/2001/XMLSchema-instance"
                            version="2.0">
   <Created by="Augustas Gerardas Pugžlys" from="Onshape" on="10/27/25||23:24:29"
            using="Simscape Multibody Exporter"/>
   <ModelUnits length="millimeter" mass="kilogram"/>
   <DataUnits length="meter" mass="kilogram"/>
   <RootAssembly name="Simplistic Gimbal" uid="b6ef2fae970adb8f0fdeb49e"
                 version="w-2d0f8b9801fcc1fa5979604c">
      <InstanceTree>
         <Instance entityUid="JpD*:*9c05b413207de8c776b08822" name="Pointer &lt;1&gt;"
                   uid="M5T0U8FeUptO+2fET">
            <Transform>
               <Rotation>0.161854915 0.769642825 0.617618740 -0.353101577 0.629601992 -0.692040901 -0.921478303 -0.106071929 0.373666272 </Rotation>
               <Translation>0.003197035 0.032639706 0.044652737 </Translation>
            </Transform>
         </Instance>
         <Instance entityUid="JKD*:*9c05b413207de8c776b08822" name="1-1 &lt;1&gt;"
                   uid="M6LsGU/Ls0GguiAiK">
            <Transform>
               <Rotation>-0.779804151 0.626023550 -0.000000000 -0.626023550 -0.779804151 -0.000000000 0.000000000 0.000000000 1.000000000 </Rotation>
               <Translation>-0.010955412 0.011146573 0.000000000 </Translation>
            </Transform>
         </Instance>
         <Instance entityUid="JXD*:*9c05b413207de8c776b08822" name="Connection &lt;1&gt;"
                   uid="MA18h3hSHR1z5RgXk">
            <Transform>
               <Rotation>0.136529146 -0.769642825 0.623706433 -0.000000000 -0.629601992 -0.776917841 0.990636054 0.106071929 -0.085959022 </Rotation>
               <Translation>-0.030768434 -0.005012277 -0.001043078 </Translation>
            </Transform>
         </Instance>
         <Instance entityUid="JkD*:*9c05b413207de8c776b08822" name="3 &lt;1&gt;" uid="MJyUbG6m0sAuE82S+">
            <Transform>
               <Rotation>0.161854915 0.769642825 0.617618740 -0.353101577 0.629601992 -0.692040901 -0.921478303 -0.106071929 0.373666272 </Rotation>
               <Translation>0.003197035 0.032639706 0.044652737 </Translation>
            </Transform>
         </Instance>
         <Instance entityUid="JHD*:*9c05b413207de8c776b08822" name="Base &lt;1&gt;"
                   uid="MLiNULsd+PEh5qVxN">
            <Transform>
               <Rotation>0.000000000 1.000000000 0.000000000 -1.000000000 0.000000000 0.000000000 0.000000000 0.000000000 1.000000000 </Rotation>
               <Translation>0.000000000 -0.002500000 0.000000000 </Translation>
            </Transform>
         </Instance>
         <Instance entityUid="JND*:*9c05b413207de8c776b08822" name="1-2 &lt;1&gt;"
                   uid="MjF9EQGn7JdJr4TAZ">
            <Transform>
               <Rotation>-0.779804151 0.053812372 -0.623706433 -0.626023550 -0.067031202 0.776917841 -0.000000000 0.996298673 0.085959022 </Rotation>
               <Translation>0.014650944 -0.020749900 0.005415798 </Translation>
            </Transform>
         </Instance>
         <Instance entityUid="JUD*:*9c05b413207de8c776b08822" name="2 &lt;1&gt;" uid="MnYjyrlik5yGdmB4t">
            <Transform>
               <Rotation>-0.000000000 -0.990636054 -0.136529146 -1.000000000 -0.000000000 0.000000000 0.000000000 0.136529146 -0.990636054 </Rotation>
               <Translation>-0.018876083 -0.002500000 0.052837807 </Translation>
            </Transform>
         </Instance>
      </InstanceTree>
      <Constraints/>
      <Joints>
         <Revolute name="Revolute1">
            <BaseFrame>
               <InstancePath>
                  <Uid>MLiNULsd+PEh5qVxN</Uid>
               </InstancePath>
               <Transform>
                  <Rotation>1.000000000 0.000000000 -0.000000000 0.000000000 -1.000000000 -0.000000000 0.000000000 0.000000000 -1.000000000 </Rotation>
                  <Translation>0.000000000 -0.000000000 0.005000000 </Translation>
               </Transform>
            </BaseFrame>
            <FollowerFrame>
               <InstancePath>
                  <Uid>M6LsGU/Ls0GguiAiK</Uid>
               </InstancePath>
               <Transform>
                  <Rotation>1.000000000 0.000000000 0.000000000 0.000000000 -1.000000000 0.000000000 0.000000000 0.000000000 -1.000000000 </Rotation>
                  <Translation>-0.000000000 0.017500000 0.005000000 </Translation>
               </Transform>
            </FollowerFrame>
         </Revolute>
         <Revolute name="Revolute3">
            <BaseFrame>
               <InstancePath>
                  <Uid>M6LsGU/Ls0GguiAiK</Uid>
               </InstancePath>
               <Transform>
                  <Rotation>0.000000000 0.000000000 -1.000000000 1.000000000 0.000000000 -0.000000000 0.000000000 -1.000000000 -0.000000000 </Rotation>
                  <Translation>-0.015000000 0.017500000 0.025000000 </Translation>
               </Transform>
            </BaseFrame>
            <FollowerFrame>
               <InstancePath>
                  <Uid>MjF9EQGn7JdJr4TAZ</Uid>
               </InstancePath>
               <Transform>
                  <Rotation>0.000000000 -0.000000000 -1.000000000 1.000000000 0.000000000 0.000000000 0.000000000 -1.000000000 0.000000000 </Rotation>
                  <Translation>-0.015000000 0.017500000 0.025000000 </Translation>
               </Transform>
            </FollowerFrame>
         </Revolute>
         <Weld name="Fastened1">
            <BaseFrame>
               <InstancePath/>
               <Transform>
                  <Rotation>-0.000000000 -1.000000000 -0.000000000 -1.000000000 0.000000000 -0.000000000 -0.000000000 0.000000000 -1.000000000 </Rotation>
                  <Translation>0.000000000 0.000000000 0.000000000 </Translation>
               </Transform>
            </BaseFrame>
            <FollowerFrame>
               <InstancePath>
                  <Uid>MLiNULsd+PEh5qVxN</Uid>
               </InstancePath>
               <Transform>
                  <Rotation>1.000000000 0.000000000 0.000000000 0.000000000 -1.000000000 0.000000000 0.000000000 0.000000000 -1.000000000 </Rotation>
                  <Translation>-0.002500000 -0.000000000 0.000000000 </Translation>
               </Transform>
            </FollowerFrame>
         </Weld>
         <Revolute name="Revolute2">
            <BaseFrame>
               <InstancePath>
                  <Uid>MLiNULsd+PEh5qVxN</Uid>
               </InstancePath>
               <Transform>
                  <Rotation>-0.000000000 0.000000000 -1.000000000 -0.000000000 -1.000000000 -0.000000000 -1.000000000 0.000000000 -0.000000000 </Rotation>
                  <Translation>-0.020000000 0.000000000 0.025000000 </Translation>
               </Transform>
            </BaseFrame>
            <FollowerFrame>
               <InstancePath>
                  <Uid>MnYjyrlik5yGdmB4t</Uid>
               </InstancePath>
               <Transform>
                  <Rotation>0.000000000 0.000000000 -1.000000000 1.000000000 0.000000000 0.000000000 0.000000000 -1.000000000 0.000000000 </Rotation>
                  <Translation>-0.020000000 -0.022500000 0.025000000 </Translation>
               </Transform>
            </FollowerFrame>
         </Revolute>
         <Revolute name="Revolute4">
            <BaseFrame>
               <InstancePath>
                  <Uid>MjF9EQGn7JdJr4TAZ</Uid>
               </InstancePath>
               <Transform>
                  <Rotation>1.000000000 0.000000000 -0.000000000 0.000000000 -1.000000000 -0.000000000 -0.000000000 0.000000000 -1.000000000 </Rotation>
                  <Translation>-0.000000000 0.017500000 0.012500000 </Translation>
               </Transform>
            </BaseFrame>
            <FollowerFrame>
               <InstancePath>
                  <Uid>MA18h3hSHR1z5RgXk</Uid>
               </InstancePath>
               <Transform>
                  <Rotation>1.000000000 0.000000000 0.000000000 0.000000000 1.000000000 0.000000000 0.000000000 0.000000000 1.000000000 </Rotation>
                  <Translation>0.030000000 -0.022500000 0.027500000 </Translation>
               </Transform>
            </FollowerFrame>
         </Revolute>
         <Revolute name="Revolute5">
            <BaseFrame>
               <InstancePath>
                  <Uid>MnYjyrlik5yGdmB4t</Uid>
               </InstancePath>
               <Transform>
                  <Rotation>1.000000000 0.000000000 -0.000000000 0.000000000 -1.000000000 -0.000000000 0.000000000 0.000000000 -1.000000000 </Rotation>
                  <Translation>0.000000000 -0.022500000 0.008000000 </Translation>
               </Transform>
            </BaseFrame>
            <FollowerFrame>
               <InstancePath>
                  <Uid>MA18h3hSHR1z5RgXk</Uid>
               </InstancePath>
               <Transform>
                  <Rotation>0.000000000 0.000000000 1.000000000 1.000000000 0.000000000 0.000000000 0.000000000 1.000000000 0.000000000 </Rotation>
                  <Translation>0.047000000 -0.022500000 0.015000000 </Translation>
               </Transform>
            </FollowerFrame>
         </Revolute>
         <Weld name="Fastened2">
            <BaseFrame>
               <InstancePath>
                  <Uid>MJyUbG6m0sAuE82S+</Uid>
               </InstancePath>
               <Transform>
                  <Rotation>1.000000000 -0.000000000 0.000000000 0.000000000 0.000000000 -1.000000000 0.000000000 1.000000000 0.000000000 </Rotation>
                  <Translation>0.030000000 -0.025000000 0.015000000 </Translation>
               </Transform>
            </BaseFrame>
            <FollowerFrame>
               <InstancePath>
                  <Uid>M5T0U8FeUptO+2fET</Uid>
               </InstancePath>
               <Transform>
                  <Rotation>1.000000000 -0.000000000 0.000000000 0.000000000 0.000000000 -1.000000000 0.000000000 1.000000000 0.000000000 </Rotation>
                  <Translation>0.030000000 -0.025000000 0.015000000 </Translation>
               </Transform>
            </FollowerFrame>
         </Weld>
         <Revolute name="Revolute6">
            <BaseFrame>
               <InstancePath>
                  <Uid>MA18h3hSHR1z5RgXk</Uid>
               </InstancePath>
               <Transform>
                  <Rotation>1.000000000 0.000000000 0.000000000 0.000000000 0.000000000 1.000000000 0.000000000 -1.000000000 0.000000000 </Rotation>
                  <Translation>0.030000000 -0.020000000 0.015000000 </Translation>
               </Transform>
            </BaseFrame>
            <FollowerFrame>
               <InstancePath>
                  <Uid>MJyUbG6m0sAuE82S+</Uid>
               </InstancePath>
               <Transform>
                  <Rotation>1.000000000 -0.000000000 0.000000000 0.000000000 0.000000000 -1.000000000 0.000000000 1.000000000 0.000000000 </Rotation>
                  <Translation>0.030000000 -0.025000000 0.015000000 </Translation>
               </Transform>
            </FollowerFrame>
         </Revolute>
      </Joints>
   </RootAssembly>
   <Assemblies/>
   <Parts>
      <Part name="Base" uid="JHD*:*9c05b413207de8c776b08822">
         <ModelUnits length="millimeter" mass="kilogram"/>
         <MassProperties>
            <Mass>0.01625</Mass>
            <CenterOfMass>-0.008653846 -0.000000000 0.006346154 </CenterOfMass>
            <Inertia>0.000002898 0.000004024 0.000005460 0.000000000 0.000000865 0.000000000 </Inertia>
         </MassProperties>
         <GeometryFile name="Base.step" type="STEP"/>
         <VisualProperties>
            <Ambient a="1.000000000" b="0.929411765" g="0.811764706" r="0.615686275"/>
            <Diffuse a="1.000000000" b="0.929411765" g="0.811764706" r="0.615686275"/>
            <Specular a="1.000000000" b="0.929411765" g="0.811764706" r="0.615686275"/>
            <Emissive a="1" b="0" g="0" r="0"/>
            <Shininess>0.5</Shininess>
         </VisualProperties>
      </Part>
      <Part name="1-1" uid="JKD*:*9c05b413207de8c776b08822">
         <ModelUnits length="millimeter" mass="kilogram"/>
         <MassProperties>
            <Mass>0.00071875</Mass>
            <CenterOfMass>-0.013978261 0.017500000 0.011543478 </CenterOfMass>
            <Inertia>0.000000031 0.000000055 0.000000027 0.000000000 0.000000015 0.000000000 </Inertia>
         </MassProperties>
         <GeometryFile name="1-1.step" type="STEP"/>
         <VisualProperties>
            <Ambient a="1.000000000" b="0.647058824" g="0.647058824" r="0.647058824"/>
            <Diffuse a="1.000000000" b="0.647058824" g="0.647058824" r="0.647058824"/>
            <Specular a="1.000000000" b="0.647058824" g="0.647058824" r="0.647058824"/>
            <Emissive a="1" b="0" g="0" r="0"/>
            <Shininess>0.5</Shininess>
         </VisualProperties>
      </Part>
      <Part name="1-2" uid="JND*:*9c05b413207de8c776b08822">
         <ModelUnits length="millimeter" mass="kilogram"/>
         <MassProperties>
            <Mass>0.0004296875</Mass>
            <CenterOfMass>-0.010340909 0.017500000 0.014659091 </CenterOfMass>
            <Inertia>0.000000010 0.000000017 0.000000010 0.000000000 0.000000005 0.000000000 </Inertia>
         </MassProperties>
         <GeometryFile name="1-2.step" type="STEP"/>
         <VisualProperties>
            <Ambient a="1.000000000" b="0.705882353" g="0.380392157" r="0.231372549"/>
            <Diffuse a="1.000000000" b="0.705882353" g="0.380392157" r="0.231372549"/>
            <Specular a="1.000000000" b="0.705882353" g="0.380392157" r="0.231372549"/>
            <Emissive a="1" b="0" g="0" r="0"/>
            <Shininess>0.5</Shininess>
         </VisualProperties>
      </Part>
      <Part name="2" uid="JUD*:*9c05b413207de8c776b08822">
         <ModelUnits length="millimeter" mass="kilogram"/>
         <MassProperties>
            <Mass>0.00069375</Mass>
            <CenterOfMass>-0.013905405 -0.022500000 0.011094595 </CenterOfMass>
            <Inertia>0.000000027 0.000000050 0.000000027 0.000000000 0.000000015 0.000000000 </Inertia>
         </MassProperties>
         <GeometryFile name="2.step" type="STEP"/>
         <VisualProperties>
            <Ambient a="1.000000000" b="0.917647059" g="0.917647059" r="0.917647059"/>
            <Diffuse a="1.000000000" b="0.917647059" g="0.917647059" r="0.917647059"/>
            <Specular a="1.000000000" b="0.917647059" g="0.917647059" r="0.917647059"/>
            <Emissive a="1" b="0" g="0" r="0"/>
            <Shininess>0.5</Shininess>
         </VisualProperties>
      </Part>
      <Part name="Connection" uid="JXD*:*9c05b413207de8c776b08822">
         <ModelUnits length="millimeter" mass="kilogram"/>
         <MassProperties>
            <Mass>0.00224662615</Mass>
            <CenterOfMass>0.031051577 -0.022500000 0.015312969 </CenterOfMass>
            <Inertia>0.000000093 0.000000199 0.000000115 0.000000000 0.000000001 0.000000000 </Inertia>
         </MassProperties>
         <GeometryFile name="Connection.step" type="STEP"/>
         <VisualProperties>
            <Ambient a="1.000000000" b="0.952941176" g="0.886274510" r="0.768627451"/>
            <Diffuse a="1.000000000" b="0.952941176" g="0.886274510" r="0.768627451"/>
            <Specular a="1.000000000" b="0.952941176" g="0.886274510" r="0.768627451"/>
            <Emissive a="1" b="0" g="0" r="0"/>
            <Shininess>0.5</Shininess>
         </VisualProperties>
      </Part>
      <Part name="3" uid="JkD*:*9c05b413207de8c776b08822">
         <ModelUnits length="millimeter" mass="kilogram"/>
         <MassProperties>
            <Mass>0.000428793055</Mass>
            <CenterOfMass>0.030000000 -0.022500000 0.014640464 </CenterOfMass>
            <Inertia>0.000000003 0.000000006 0.000000004 0.000000000 0.000000000 0.000000000 </Inertia>
         </MassProperties>
         <GeometryFile name="3.step" type="STEP"/>
         <VisualProperties>
            <Ambient a="1.000000000" b="0.003921569" g="0.529411765" r="0.972549020"/>
            <Diffuse a="1.000000000" b="0.003921569" g="0.529411765" r="0.972549020"/>
            <Specular a="1.000000000" b="0.003921569" g="0.529411765" r="0.972549020"/>
            <Emissive a="1" b="0" g="0" r="0"/>
            <Shininess>0.5</Shininess>
         </VisualProperties>
      </Part>
      <Part name="Pointer" uid="JpD*:*9c05b413207de8c776b08822">
         <ModelUnits length="millimeter" mass="kilogram"/>
         <MassProperties>
            <Mass>6.20807969e-05</Mass>
            <CenterOfMass>0.030000000 -0.022500000 0.017483323 </CenterOfMass>
            <Inertia>0.000000000 0.000000000 0.000000000 0.000000000 0.000000000 0.000000000 </Inertia>
         </MassProperties>
         <GeometryFile name="Pointer.step" type="STEP"/>
         <VisualProperties>
            <Ambient a="1.000000000" b="0.498039216" g="0.498039216" r="0.498039216"/>
            <Diffuse a="1.000000000" b="0.498039216" g="0.498039216" r="0.498039216"/>
            <Specular a="1.000000000" b="0.498039216" g="0.498039216" r="0.498039216"/>
            <Emissive a="1" b="0" g="0" r="0"/>
            <Shininess>0.5</Shininess>
         </VisualProperties>
      </Part>
   </Parts>
</SimscapeMultibodyImportXML>